{"cameraMode":{"drawMode":0,"name":"Shaded","section":"Shading Mode"},"sceneLighting":false,"audioPlay":false,"sceneViewState":{"m_AlwaysRefresh":false,"showFog":false,"showSkybox":false,"showFlares":false,"showImageEffects":false,"showParticleSystems":false,"showVisualEffectGraphs":true,"m_FxEnabled":true},"in2DMode":false,"pivot":{"x":-0.018833905458450319,"y":0.8616716861724854,"z":-0.09424912929534912},"rotation":{"x":0.4112595319747925,"y":-0.060090888291597369,"z":0.027193909510970117,"w":0.909159779548645},"size":1.0984859466552735,"orthographic":false}